Company Name,Domain Name
Onboard AI,https://www.getonboard.dev
Leya,https://www.leya.law/
Lantern,http://lantern.dev
OpenPipe,https://openpipe.ai/
Flex,https://withflex.com/
Martin,https://www.trymartin.com/
Healthtech 1,https://www.healthtech1.uk/
Feanix Biotechnologies,https://www.feanixbio.com/
Orbio Earth,https://www.orbio.earth/
CodeStory,https://codestory.ai
CatX,https://catx.re
Coba,https://www.coba.ai
Taylor AI,https://trytaylor.ai
Tempo Labs,https://www.tempolabs.ai/
TrendUp,https://trendup.ai/
ztool,https://ztool.co/
Flair Health,https://www.flairhealth.com
Olio Labs,https://oliolabs.co/
truemetrics,https://www.truemetrics.io/
Onward,https://onwardhq.com/
WalletKit,https://usewalletkit.com
Wattson Health,https://www.wattsonhealth.com
Constructable,https://www.constructable.app/
Lingtual,https://lingtual.com
Nowadays,http://getnowadays.com/
Structured,https://www.structuredlabs.io/
Twine,http://www.usetwine.com
Axflow,https://axflow.dev
Simbie Health,http://www.simbiehealth.com
Foundation,https://buildwithfoundation.com/
AiSDR,https://aisdr.com/
Giga ML,https://gigaml.com/
Sero AI,https://getsero.ai
Affinity,https://itsaffinity.com
FlowiseAI,https://flowiseai.com
Shadeform,https://www.shadeform.ai/
ten.dev,https://ten.dev
Advent,https://www.adventstudios.gg
Cargo,https://getcargo.io
CheqUPI,https://www.cheq.money
Roame,https://roame.travel/
dili,https://diliai.com
Slingshot,https://www.sling-shot.ai/
Trayd,https://www.buildtrayd.com/
Line.Build,https://www.line.build/
Cair Health,https://cairhealth.com/
ParadeDB,https://paradedb.com
Eden Care,https://www.edencaremedical.com/
Quill AI,https://quillai.com
Strada,https://www.getstrada.com/
Octo,https://www.getocto.ai
Smobi,https://smobi.com/
Tiptap,https://tiptap.dev/
RecipeUI,https://recipeui.com
Fiber AI,https://fiber.ai/
Monitaur,https://monitaur.xyz
Certainly Health,https://www.certainlyhealth.com
Cedalio,https://cedalio.com/
Happyrobot,https://happyrobot.ai
Pure,https://www.collectpure.com/
Nanograb,https://nanograb.com
Elythea,https://elythea.org/
Movley,https://movley.com/
SantÃ©,https://santehq.com/
Langdock,https://langdock.com
Inventive AI,https://getinventive.ai/
Cyclone,https://www.usecyclone.dev/
Fragment,https://checkfragment.com
Raz,https://www.tryraz.com
sudocode,https://sudocode.ai/&referrer=ycombinator.com
Sweep,https://sweep.dev/
Silimate,https://www.silimate.com
Andromeda Surgical,http://www.andromedasurgical.com
ProdTrace,https://www.prodtrace.com/
Inari,https://useinari.com
Roundtable,https://roundtable.ai
Chatter,https://www.trychatter.ai/
Trench,http://trytrench.com
Envelope,https://envelopemoney.com/
VectorShift,https://www.vectorshift.ai
SafetyKit,https://www.safetykit.com/
Baserun,https://baserun.ai
Automorphic,https://automorphic.ai/
Glaze,https://www.shopglaze.com/
Sola,https://www.sola-solutions.com/
Vango AI,https://vango.ai/
Inlet,https://getinlet.ai
Converge,http://www.runconverge.com
Flint,http://flintk12.com/
CambioML,https://www.cambioml.com/
Osium AI,https://osium.ai/
Slicker,https://www.slickerhq.com
Khoj,https://khoj.dev/
VaultPay,https://vaultpay.io
Onnix,https://www.onnix.ai
gleam,https://www.gleamcare.com/
Kobalt Labs,https://www.kobaltlabs.com/
Studdy,https://www.studdy.ai/
Trainy,https://trainy.ai/
MantleBio,https://www.mantlebio.com
Pincites,https://www.pincites.com/
Apoxy,https://apoxy.dev
sizeless,https://www.sizeless.co
Quack AI,https://www.quackai.com/
Continue,https://continue.dev
Letter AI,https://www.letter.ai
Guac,https://www.tryguac.co/
Casehopper,http://www.casehopper.com
Glade,https://www.gladetool.com
LifestyleRx,https://lifestylerx.io/
Empirical Health,https://empirical.health
Fortuna Health,https://fortunahealth.com/
Aglide,https://aglide.com
Respaid,https://www.respaid.com
Vizly,https://getvizly.com
Haven,https://haven.run
Greenlite,https://www.greenlite.ai/
MediSearch,https://medisearch.io
Isocode,https://www.isocode.com/
Upstream,https://www.upstream.do/
RightPage,https://rightpage.com
Egress,https://tryegress.com
Surface Labs,https://withsurface.com
Unhaze,https://unhaze.ai
CandorIQ,https://www.candoriq.com/
refine,https://refine.dev
Sidenote,https://www.sidenote.ai
Epsilla,https://www.epsilla.com/
Hidden Hand,https://www.hiddenhand.io/
Neum AI,https://neum.ai
Cleancard,https://www.cleancard.bio
Decoda Health,https://decoda.health/
Wyvern AI,https://www.wyvern.ai/
Cardinal Gray,https://www.cardinalgray.com/
Telophase,https://telophase.dev
Anneal,https://anneal.ai/
Transformity,https://transformity.tech/
AutoEmber,https://autoember.com
Chow Central Inc,https://chowcentral.com
FleetWorks,https://fleetworks.ai
Latentspace,https://latentspace.dev
Health Harbor,https://healthharbor.co/
Ergomake,https://ergomake.dev
Shasta Health,https://www.shasta.health
Hegel AI,https://hegel-ai.com
Outset,https://outset.ai/
Serra,https://www.serra.io/
Corgea,https://www.corgea.com/
Terminal,https://www.withterminal.com/
MICSI,https://www.micsi.co/
Martola,http://www.marto.la
Arcimus,https://www.arcimus.com/
Docsum,https://www.docsum.ai/
Obento Health,https://www.obentohealth.com
Kite,https://kite.video
Bronco AI,https://www.bronco.ai/
Agentive,https://www.goagentive.com
order.link,https://www.order.link
Parea,https://www.parea.ai
Campfire,https://meetcampfire.com/
Alguna,https://alguna.io
SID,https://www.sid.ai
Capi Money,https://www.capimoney.com
Cerelyze,https://cerelyze.com
Spine AI,https://www.getspine.ai
DSensei,https://www.dsensei.app
Subsets,https://www.subsets.com
Mira,https://www.usemira.ai
Magik,https://www.usemagik.com/
Revamp,https://www.getrevamp.ai
DataShare,http://datashare.co/
Airgoods,https://airgoods.com/
Talc,https://talc.ai
Solve Intelligence,https://www.solveintelligence.com/
askLio,https://www.asklio.ai
Craftwork,https://craftwork.com/
Helios Climate Industries,http://www.heliosclimate.io
Fynt,https://www.fynt.ai/
"Every, Inc.",https://every.io/
Contour,https://trycontour.com
atla,https://www.atla-ai.com/
Humanlike,https://humanlike.app/
Hyperlight,https://hyperlight.ai/
Cedana,https://cedana.ai
Cascading AI,https://www.cascading.ai/
Zelos Cloud,https://zeloscloud.io
Pandan,https://
PropRise,https://www.proprise.io/
Pointhound,http://www.pointhound.com
Intelliga Voice,https://www.intelligavoice.com
Sohar Health,https://www.soharhealth.com
Remy Security,https://www.remysec.com/
Sweetspot,https://www.sweetspot.so/
Magic Loops,https://magicloops.dev
Ohmic Biosciences,https://ohmicbiosciences.com/
Stellar Sleep,https://stellarsleep.com/
Infobot,https://infobot.ai
Linc.,https://www.linc-ai.com/
Watto AI,https://www.watto.ai
Dioxus Labs,https://dioxuslabs.com
Hyperbound,https://hyperbound.ai
Deasie,https://www.deasie.com/
Accend,https://www.withaccend.com/
Pando Bioscience,https://
Apollo Group,http://www.apollo-group.io
Vaero,https://vaero.co
Yuma,https://yuma.ai
Pierre,https://heypierre.app
moonrepo,https://moonrepo.dev
Automat,https://www.runautomat.com/
SpecCheck,https://www.speccheckrx.com/
SpeedyBrand,https://speedybrand.io
Finta,https://www.finta.com/
BerriAI,https://github.com/BerriAI/litellm
Theya,https://www.theya.us/
Upfront,https://knowupfront.com
Warp,https://www.joinwarp.com/
Second,https://www.second.dev
Atri Labs,https://atrilabs.com
Vendora,https://www.vendora.io/
Lightski,https://www.lightski.com
Type,https://type.ai
Meru,https://usemeru.com
Persana AI,https://www.persana.ai/
Serial,https://www.serial.io/
Kyber,https://askkyber.com
Escape,https://escape.tech
Keeling Labs,http://keelinglabs.com
Modulari-T,https://modularit.bio
Koala Ops,https://koalaops.com/
Metal,https://getmetal.io/
Texel.ai,https://texel.ai
Vector,https://vector.co
Pier,http://www.pier-finance.com
AiFlow,https://aiflow.solutions
Finni Health,https://www.finnihealth.com/
Invitris,https://invitris.com/
Adventris Pharmaceuticals,https://adventris.com
highlight.io,https://www.highlight.io/
Untether Labs,https://untetherlabs.com
Luca,https://www.askluca.com/
Edge,https://withedge.com
BidSight,https://bidsight.io/
TigerEye,http://tigereye.com/
Polymath Robotics,http://www.polymathrobotics.com
Terrace,https://www.terrace.fi
Morf Health,https://morf.health
Materee,https://materee.id
Ping,https://www.letsping.com/
Radiant,https://useradiant.com
Guardian Bio,http://www.guardian-bio.com
Pivo Technology Inc,http://www.pivo.africa
Integrated Reasoning,https://integrated-reasoning.com
Coverage Cat,https://www.coveragecat.com/
AccessOwl,https://www.accessowl.io/
Intuned,https://intunedhq.com
Cone,https://www.getcone.io
Landeed,https://www.landeed.com/
Lotus,http://uselotus.io
Axle,https://axle.insure
Lumo,https://lumo.homes
Cambio,https://www.cambio.ai/
InVision Medical Technology,http://invisionmedtech.com/
Kamion,https://www.kamion.co
CAPSULE,https://www.shopcapsule.ai/
Shelf,https://shelfpay.in
Be Golden,https://www.begolden.io
Kashin,https://kashin.app/
Velontra,https://www.velontra.com/
Vizzly,https://vizzly.co/
REVER,https://itsrever.com/
AlgoTest,https://algotest.in
Abridge,https://www.abridge.dev/
Knowtex,http://www.knowtex.ai/
Taro,https://joinTaro.com/
Pump,https://www.pump.co/
MovingLake,https://movinglake.com
Slingshot,https://slingshotbills.com
Uwi,http://www.uwihomes.com
Monterey AI,http://www.monterey.ai
Jamble,https://www.jambleapp.com/
Lancey,https://getlancey.com
ReleviumBio,https://www.releviumbio.com
SimpleHash,https://www.simplehash.com
BBy,http://www.bbymilk.com
WhiteLab Genomics,https://whitelabgx.com
TradeX,http://tradexapp.co/
Massdriver,https://massdriver.cloud
Reality Defender,http://www.realitydefender.com
Lizza,https://lizza.link
Mono,https://www.cuentamono.com/
NFTScoring,https://nftscoring.com/
CrediBook,https://credibook.com/
Remi,https://www.remihq.com
Fresh Factory,http://freshfactory.id/
Onboard.io,https://onboard.io
Seis,https://www.seis.com
Bananas,https://www.bananas.id/
Eventual,https://www.eventualcomputing.com
AiSupervision,https://www.aisupervision.com
Phoenix Hydrogen,https://phoenixhydrogen.com/
Finnix,http://finnix.id
Flike,https://flike.app/
Alima,https://alima.la
Vecindario,https://www.vecindario.com/
Karate Labs,https://karatelabs.io
HippoBuild,https://hippo.build
Pantore Pay,https://www.pantorepay.com.br
beU delivery,https://eat.beu.chat
GAVEL,https://letsgavel.com
Cofactr,https://www.cofactr.com/
EasyCode,https://www.easycode.ai/
SixWheel,https://www.sixwheel.com
KorrAI,https://www.korrai.com
Pina Earth,https://pina.earth/en
Beyond Aero,https://www.beyond-aero.com/
Govdash,https://www.olli.ai/
"Origami Therapeutics, Inc.",http://origamitherapeutics.com
Cinapse,https://cinapse.io
AirMyne,http://www.airmyne.com
CloudEagle.ai,https://www.cloudeagle.ai
Mooji Meats,http://www.moojimeats.com
Poko,http://www.pokoapp.xyz
Nash,https://www.usenash.com/
Yummy,https://www.yummysuperapp.com/
Slash,https://www.joinslash.com/
MarqVision,https://www.marqvision.com/
Karbon Card,https://www.karboncard.com/
Careerist,http://careerist.com/
JABU Logistics,http://www.gojabu.com
Revolve Surgical,https://revolvesurgical.com/
Liv Labs,http://www.livlabsfitness.com
Mecho Autotech,https://mechoautotech.com/
Sully.ai,https://www.sully.ai
Beau,https://beau.to
Toku,https://trytoku.com/
Metaphor,https://metaphor.systems
Safer Management,https://www.safermgmt.com/
Chipax,https://www.chipax.com
Amenli,https://www.amenli.com/
Pide Directo,http://pidedirecto.mx
Lightly,https://lightly.ai/
Equipt Health,http://www.equipthealth.com
Payflow,https://www.payflow.es/
Charge Robotics,https://chargerobotics.com/
Ahazou,https://ahazou.com
Titipku,https://titipku.com
HEO Robotics,https://www.heo-robotics.com/
Turion Space,https://turionspace.com/
Stepful,https://www.stepful.com
Synder,https://synder.com
CafÃ©,https://at.cafe
Datlo,https://www.datlo.com/
OneShop,https://oneshop.com
FirstIgnite,https://firstignite.com
Aviator,https://aviator.co
LabSimply,https://www.labsimply.com
Talentdrop,https://www.talentdrop.com/
Stack,https://stackinvest.in/
GamerPay,https://gamerpay.gg
Sitenna,http://www.sitenna.com
Evidence,https://www.evidence.dev
Luminate Medical,http://www.luminatemed.com
Zepto,https://www.zeptonow.com/
QuickNode,https://www.quicknode.com
Moxion Power Co.,https://www.moxionpower.com/
Spruce Systems,https://www.spruceid.com
Moonvalley,https://moonvalley.ai
Redcliffe Lifetech,http://redcliffelabs.com
Houm,https://houm.com
Stoke Space,https://www.stokespace.com/
Treinta,https://www.treinta.co
Remora,https://www.remoracarbon.com
REGENT,http://regentcraft.com
Ontop,https://www.getontop.com/
Moonshot Brands,http://moonshotbrands.com
clicOH,http://clicoh.com/
Kiwify,https://kiwify.com.br
Nano Technologies,http://www.vuiapp.vn
Flux,https://iflux.app
Meru.com,https://meru.com
eqtble,https://eqtble.com/
Journey,http://journey.io
Blushh,https://www.letsblushh.com/en
Kanda,https://www.getkanda.com/
Ollama,https://ollama.ai
Chorus Sleep,https://www.chorussleep.com/
NextPay,https://nextpay.world
Camlist,https://www.camlist.com
Alltruists,http://www.alltruists.com
Hightime AI,https://hightime.ai
MagicBell,https://magicbell.com
Terra,http://tryterra.co
Reshape Biotech,http://reshapebiotech.com/
PipeBio,https://pipebio.com
Shepherd,https://withshepherd.com
SwiftSku,https://swiftsku.com
Kilobaser,https://www.kilobaser.com
My NextDerma,https://mynextderma.com
H3X Technologies,http://h3x.tech/
Bloom,https://bloomapp.com
Clear,https://getclearapp.com/
Mayan,https://www.mayan.co
Pardes Biosciences,http://www.pardesbio.com
Jeeves,http://www.tryjeeves.com
Pave,https://pave.com
Zip,https://ziphq.com/
AtoB,https://atob.com/
Supabase,https://supabase.com
Spenmo,https://spenmo.com/
Balance,https://www.getbalance.com
BukuWarung,http://bukuwarung.com/app
Osmind,https://osmind.org/
Gilgamesh Pharmaceuticals,https://www.gilgameshpharmaceutical.com
Roboflow,https://roboflow.com
Depict,https://depict.ai/
Recurrency,http://www.recurrency.com
Brevy,https://brevy.com/
Matter,https://getmatter.app
CapWay,http://www.CapWay.com
Toolbox,https://www.trytoolbox.com
Verifiable,https://verifiable.com/
SiPhox Health,http://www.siphox.com
Atmos,https://www.buildatmos.com/
Rarebird,http://www.rarebird.coffee
Future Fields,https://www.futurefields.io/about
Todos Comemos,https://todoscomemos.com
Quell,https://playquell.com
Flat,https://flat.mx/
Hubla,https://chatpay.com.br
Heron Data,https://www.herondata.io
Fieldguide,http://fieldguide.io
Finch,https://tryfinch.com
Parrot Software ðŸ¦œ,https://parrotsoftware.io/
Zuddl,http://www.zuddl.com
Clover,https://cloverapp.co
Inspectify,http://www.inspectify.com
Sonar,https://sonar.app
Reflect,https://reflect.run
Mozart Data,http://www.mozartdata.com
Rally,https://rally.video
Byte,https://web.thebyte.app/en/
"Warmly,",http://warmly.ai/
Whatnot,https://www.whatnot.com
Airbyte,https://airbyte.com/
H1,https://www.h1.co/
99minutos,https://99minutos.com
Yassir,https://yassir.com
Fly.io,https://fly.io
Karat Financial,http://trykarat.com
Fondeadora,https://fondeadora.com/
Ophelia,https://ophelia.com
TrueNorth,http://www.truenorthfleet.com
STARK BANK,https://starkbank.com
Pulley,https://pulley.com
Ansa Biotechnologies,http://ansabio.com
Belvo,https://belvo.com
BeGo,http://www.bego.ai
PostHog,https://www.posthog.com
Jet Admin,https://jetadmin.io
Ochre Bio,https://www.ochre-bio.com/
Jenfi,http://jenfi.com/
Legionfarm,https://legionfarm.com/
Menten AI,http://menten.ai
Equator Therapeutics,https://equatortherapeutics.com/
Dapi,http://www.dapi.com
Gas Pos,https://gaspos.co
Humanly.io,https://humanly.io
Prelay,https://prelay.com
WorkPay,https://myworkpay.com
Tambua Health,https://www.tambuahealth.com
Living Carbon,https://www.livingcarbon.com
PowerX,http://www.powerx.co
SEND,https://www.send.ng
Dropee,https://www.dropee.com
Recall.ai,https://www.recall.ai
Healthlane,http://healthlane.co
Stable,https://useStable.com
Sakneen,http://www.sakneen.com/
GiveAway,http://giveaway.mobi
GuruHotel,https://guruhotel.com
Nomic Bio,http://www.nomic.bio
Ramani,http://www.ramani.io
Vendr.com,http://www.vendr.com
Gather,https://www.gather.town/
TRM Labs,https://trmlabs.com/
Odeko,http://www.odeko.com
Vouch,http://vouch.us
Hightouch,https://hightouch.com/
Dover,http://dover.com
Asher Bio,https://www.asherbio.com/
Breadfast,https://www.breadfast.com
Embrace,https://embrace.io
LAIKA,https://laika.com.co/
Compound,https://withcompound.com/
Ramen VR,https://ramenvr.com/
Rutter,https://rutterapi.com
Localyze,https://www.localyze.com
Curri,http://www.curri.com
Obie,http://www.ObieInsurance.com
PayMongo,https://paymongo.com
treble.ai,https://treble.ai
Legacy,https://www.givelegacy.com
Rainbow,https://rainbow.me
FamPay,https://fampay.in
Lokal,https://www.getlokalapp.com
Elpha,https://elpha.com
Sequence Bio,https://www.sequencebio.com/
Odin,https://savewithodin.com/
Apurata,https://apurata.com
EPIC AEROSPACE,http://epic-aerospace.com
GitStart,https://www.gitstart.com
Vorticity,http://vorticity.xyz/
Blockstamp,https://www.blockstampsf.com/
Taskade,https://www.taskade.com
Index,https://index.app
Deepnote,https://www.deepnote.com/
Aspect,https://aspect.app
Coco Pago,https://cocopago.app
Vitau,https://vitau.mx
Flowbot,https://www.getflowbot.com
zeroheight,https://zeroheight.com
Mudafy,https://mudafy.com
Deel,https://www.deel.com/
Prometheus,http://www.prometheusfuels.com
Nowports,https://nowports.com/
Frubana Inc,https://www.frubana.com
Middesk,http://www.middesk.com
Kalshi,https://www.kalshi.com
Shipper,https://shipper.id
Postscript,https://postscript.io
Alpaca,https://alpaca.markets/
Shef,https://www.shef.com
Kovi,https://www.kovi.com.br
Career Karma,https://careerkarma.com/
Pachama,http://pachama.com
Atlas,https://atlascard.com/
Convictional,https://convictional.com
Endpoint Health,https://endpointhealth.com/
Skill-lync,http://skill-lync.com
Convex,https://www.convex.com
Dagger,https://dagger.io
Gordian Software,https://www.gordiansoftware.com/
Eclipse Foods,http://www.eclipsefoods.com
Ashby,https://www.ashbyhq.com
54Gene,http://www.54gene.com
Doppler,https://doppler.com
ZeroDown,https://zerodown.com/
Nabis,https://www.nabis.com/
JuziBot,https://www.juzibot.com/
Searchlight,https://www.searchlight.ai/
Schoolable,http://schoolable.co
Buy Me a Coffee,https://www.buymeacoffee.com/
Modoo Technology,http://www.modoo-med.com
Memfault,https://memfault.com
YourChoice Therapeutics,http://ychoicetx.com
Taali Inc,https://www.taalifoods.com/
NaturAll Club,http://naturallclub.com
rct AI,http://rct.ai
Numero,https://www.numero.ai
1910 Genetics,http://1910genetics.com
Truora,https://www.truora.com/
Withfriends,https://withfriends.co
Momentus,https://momentus.space
Modern Treasury,http://www.moderntreasury.com/
Papa,https://www.papa.com
Titan,http://www.titan.com
Ajaib,https://www.ajaib.co.id/
Khatabook,https://khatabook.com/
Mutiny,https://www.mutinyhq.com
OpenPhone,https://www.openphone.com
Duffel,https://duffel.com/
RevenueCat,https://www.revenuecat.com/
OkCredit,https://www.okcredit.in
Avo,https://www.avonow.com/
Curebase,http://www.curebase.com
Fintual,https://fintual.com
64x Bio,http://www.64xbio.com
Culdesac,http://culdesac.com
Kobo360,http://www.kobo360.com
Shelf Engine,http://www.shelfengine.com
Meru Health,http://www.meruhealth.com
Pine Park Health,http://pineparkhealth.com
Kunduz,https://kunduz.com/
Aesthetic,https://www.aesthetic.com
Kinside,https://www.kinside.com
Gerostate Alpha,http://www.gerostatealpha.com
Circumvent,https://www.circumventpharmaceuticals.com/
Rejuvenation Technologies Inc.,https://www.rejuvenationtech.com/
Dorian therapeutics,http://www.doriantherapeutics.com
iLabService,https://www.ilabservice.com/
LemonBox,http://www.getlemonbox.com/
Enveritas,http://www.enveritas.org
SPATE,https://www.spate.nyc
Oxygen,http://getoxygen.com
"Mark Cuban Cost Plus Drug Company, PBC",http://www.costplusdrugs.com
AnnieCannons,https://www.anniecannons.com
Leena AI,https://www.leena.ai
Synkrino Biotherapeutics,http://www.synkrino.bio
Cowrywise,https://cowrywise.com
Helicarrier (prev Buycoins),https://helicarrier.studio
BrainHi,https://www.brainhi.com
Four Growers,https://fourgrowers.com/
OpenSea,https://opensea.io
Groww,https://groww.in
Newfront,https://www.newfront.com/
Vanta,https://vanta.com
Jasper.ai,https://jasper.ai
Veriff,https://veriff.com/
CoinTracker,https://www.cointracker.io/
CaptivateIQ,https://www.captivateiq.com
Modern Health,https://www.modernhealth.com/
Quantstamp,https://quantstamp.com
Replit,https://replit.com
Observe.AI,https://observe.ai
Substack,https://substack.com
Shogun,https://getshogun.com/
Promise,http://promise-pay.com
Let's Do This,https://www.letsdothis.com/
Memora Health,https://memorahealth.com
Aspire,https://aspireapp.com
Snackpass,https://snackpass.co
SRTX,https://www.srtxlabs.com/
Mighty Buildings,https://www.mightybuildings.com
Delphia,http://delphia.com
Treasury Prime,https://treasuryprime.com
Torch,https://torch.io/
Super,http://superapp.id/
Culture Biosciences,https://culturebiosciences.com
Pelago,https://www.pelagohealth.com
Sqreen,https://www.sqreen.com/
Nuvocargo,http://www.nuvocargo.com
Bear Flag Robotics,http://bearflagrobotics.com/
SafetyWing,http://www.safetywing.com
Volley,https://volleythat.com
Swayable,http://swayable.com
FidoCureÂ®,https://www.fidocure.com/
Aerones,http://www.aerones.com
Helloverify,https://www.helloverify.com
Runa,http://runahr.com/
ErudiFi,http://www.erudifi.com
Vena Medical,https://www.venamed.ca/
Mind Emulation Foundation,https://mindemulation.org/
Flock Safety,http://www.flocksafety.com
Truepill,https://truepill.com/
Gem,https://www.gem.com/
BillionToOne,https://www.billiontoone.com
Standard AI,https://standard.ai
FAZZ,https://fazzfinancial.com/
Jerry,https://getjerry.com
May Mobility,http://maymobility.com
Nobell Foods,http://www.nobellfoods.com
VergeSense,http://www.vergesense.com
Routable,https://routable.com
Ribbon Health,http://www.ribbonhealth.com
Bloom Institute of Technology,https://www.bloomtech.com
Cashfree Payments,https://www.cashfree.com/
Long Term Stock Exchange,http://ltse.com
Modern Fertility,https://www.modernfertility.com
AssemblyAI,https://www.assemblyai.com
Candidate.ly,https://candidate.ly/
FollowUpThen,https://www.followupthen.com/
Thematic,http://www.getthematic.com
10 By 10,https://10by10.io
Forever Labs,https://foreverlabs.com
Just Appraised,https://www.justappraised.com
Goodcover,http://www.goodcover.com
Zendar,http://www.zendar.io
Officely,https://www.getofficely.com?utm_source=yc
Muzz,https://muzz.com
OneLocal,https://onelocal.com/
Imbue (formerly Generally Intelligent),http://imbue.com
LotusPay,http://www.lotuspay.com
Oncobox,http://oncobox.com
Tesseract,http://tesseract.space
D-ID,http://www.d-id.com
Skyscrape,http://skyscrape.us
Modular Science,https://www.modularscience.com/
Flowspace,http://www.flow.space
Piggy,https://piggy.co.in
Airthium,http://www.airthium.com
tpaga,https://tpaga.co/
Rev Genomics,https://www.revgenomics.com
Faire,https://www.faire.com/
Brex,https://www.brex.com
Rippling,http://rippling.com/
Retool,https://retool.com
Solugen,https://solugen.com/
Clipboard Health,https://culture.clipboardhealth.com/
Bitrise,https://bitrise.io
"Lively, Inc.",https://livelyme.com
Ledger Investing,https://ledgerinvesting.com/
UpKeep,https://www.upkeep.com/
Reliance Health,https://www.getreliancehealth.com
Armory,http://armory.io
Ambient.ai,https://ambient.ai
Soomgo,https://soomgo.com
Snappr,https://www.snappr.com
Nomba,https://nomba.com
Sigma Genetics,http://www.sigmagenetics.com
ACLU,https://www.aclu.org/
Humi,http://www.humi.ca
Helix Nanotechnologies,http://helixnano.com
Mirror AI,http://mirror-ai.com
Dost Education,http://www.dosteducation.com/
The Centre for Effective Altruism,http://effectivealtruism.org
Indee Labs,http://www.indeelabs.com
OneFin,https://www.onefin.in
"Wifi Dabba, Inc.",https://wifidabba.com
Delee,http://www.delee.co
NanoNets,https://nanonets.com
BIOS Health,https://www.bios.health
AON3D,https://www.aon3d.com
Smart Alto,http://www.smartalto.com
BuyPower,http://www.buypower.ng
Apozy,https://www.apozy.com/
Hogaru,https://www.hogaru.com/
Plane,https://plane.com
Bulk MRO Industrial Supply,http://www.bulkmro.com
Inboxbooster,https://www.inboxbooster.com
AlemHealth,https://www.alemhealth.com
Request Network,https://request.network
Collectly,http://collectly.co/
ClassDojo,http://www.classdojo.com
The Rumie Initiative,http://www.rumie.org
Sense Education,http://www.sense.education
Next Tech,https://next.tech
Allcancode,https://www.allcancode.com
Sown To Grow,http://www.sowntogrow.com/
Swing Education,http://www.swingeducation.com
KickUp,http://www.kickup.co
ProjectPro,https://www.projectpro.io
Tickle,http://tickleapp.com
Mosa Mack Science,http://www.mosamack.com
AdmitSee,https://www.admitsee.com
Trinket,http://trinket.io
ReadWorks,http://www.readworks.org/
Educents,https://www.educents.com/
Formative,http://www.goformative.com
Peekapak,http://www.peekapak.com
TeachMe,http://www.mathgames.com
Bloomboard,http://www.bloomboard.com
DeansList,http://www.deanslistsoftware.com
Classkick,http://www.classkick.com/
Class Central,https://www.classcentral.com/
Edoome,http://www.edoome.com
Edpuzzle,https://edpuzzle.com
Kaymbu,http://kaymbu.com
Showbie,http://www.showbie.com
Plickers,http://www.plickers.com
Literably,https://literably.com
Kaizena,http://www.kaizena.com
Accredible,http://www.accredible.com
Kodable,https://www.kodable.com
Securly,http://www.securly.com
CodeHS,https://codehs.com
Informed K12,http://www.informedk12.com
DigitWhiz,http://www.digitwhiz.com
NoRedInk,http://www.noredink.com
Hapara,http://hapara.com
edshelf,http://edshelf.com/
TeachBoost,http://teachboost.com
TapToLearn,https://www.taptolearn.com
Scale AI,http://scale.com
Meesho,http://www.meesho.com
MessageBird,http://messagebird.com
Flutterwave,https://flutterwave.com
Vetcove,https://www.vetcove.com
Athelas,http://athelas.com
People.ai,https://people.ai
Squire Technologies,http://getsquire.com/
CareRev,https://www.carerev.com
The Athletic,https://theathletic.com
Joy,http://withjoy.com
Nova Credit,http://www.novacredit.com/
Proxy,https://proxy.com
Burrow,http://www.burrow.com
WorkRamp,https://www.workramp.com
Validere,http://validere.com
Expo,https://expo.dev
Elemeno Health,http://elemenohealth.com
Suiteness,https://www.suiteness.com
Jumpcut,http://www.jumpcut.com
Quero Education,http://querobolsa.com.br
Reebeez,http://www.reebeez.co/
ApolloShield,http://www.apolloshield.com
Yoshi Mobility,https://www.startyoshi.com
OMG Digital,http://omgdigitalinc.com/
Circa,http://www.circa.co
Ready Education,https://www.readyeducation.com
SmartPath,http://joinsmartpath.com
Curtsy,http://curtsyapp.com/
Airfordable,http://www.airfordable.com
Miso,http://miso.kr
Drivezy,http://www.drivezy.com
Bulldozair,https://www.bulldozair.com
GoGoGrandparent,https://gogograndparent.com
HiOperator,http://www.hioperator.com
Synvivia,https://www.synvivia.com
Legalist,https://www.legalist.com
New Incentives,http://www.newincentives.org
Kenota (formerly ExVivo Labs),https://kenota.com/
garten,https://garten.co/
Embark Trucks,http://embarktrucks.com
Rappi,http://www.rappi.com
Relativity Space,http://relativityspace.com
Podium,https://podium.com
Outschool,http://outschool.com
Lattice,https://lattice.com
Opentrons,http://opentrons.com
Mux,http://mux.com
Salt Security,https://salt.security/
Astranis,http://www.astranis.com
Truebill,https://www.truebill.com
Boom,https://boomsupersonic.com/
Sendbird,https://sendbird.com
Function of Beauty,http://www.functionofbeauty.com
Apollo.io,https://www.apollo.io/
Gecko Robotics,https://www.geckorobotics.com
Superside,http://www.superside.com
FightCamp,http://joinfightcamp.com
Instabug,https://instabug.com
Caper,https://www.caper.ai/
Deepgram,https://www.deepgram.com
Inevitable Tech,http://www.ironox.com
Tovala,http://www.tovala.com
NURX,https://www.nurx.com/
Daily,https://daily.co
Netomi,https://netomi.com
Paystack,https://www.paystack.com
GitPrime,https://www.gitprime.com
Landed,http://www.landed.com
Focal Systems,http://www.focal.systems
Mio,http://m.io
Petcube,http://petcube.com
Mason,http://www.bymason.com
MagicBus,http://www.magicbus.io
iSono Health,http://www.isonohealth.com
GetAccept,https://www.getaccept.com
Chatfuel,http://chatfuel.com
Yardbook,https://www.yardbook.com
Stealth Worker,https://www.stealthworker.com
SOUNDBOKS,http://soundboks.com
Ironclad,http://ironcladapp.com
Xendit,https://www.xendit.co/
Go1,https://go1.com
Teleport,https://goteleport.com
Human Interest,http://humaninterest.com
Fountain,http://fountain.com
Instawork,http://instawork.com
Eight Sleep,http://eightsleep.com
Plate IQ,http://plateiq.com
Drip Capital,http://dripcapital.com
Verge Genomics,http://vergegenomics.com
GiveCampus,http://go.givecampus.com
Bitmovin,http://bitmovin.com
OpenInvest,http://www.openinvest.com
Reach Labs,https://reachlabs.co/
Flirtey (SkyDrop),https://www.flirtey.com/
Cofactor Genomics,http://cofactorgenomics.com
Click & Grow,https://www.clickandgrow.com/
TetraScience,https://www.tetrascience.com
The Ticket Fairy,https://www.ticketfairy.com/
HER,http://weareher.com
Font Awesome,http://fontawesome.com
"80,000 Hours",http://80000hours.org
Shred Video,https://shredvideo.com
Shape (ShapeScale),https://shapescale.com
Scentbird,https://www.scentbird.com
RedCarpetUp,http://redcarpetup.com
PickTrace,http://picktrace.com/company
Oolu,http://oolusolar.com
MicroHealth,http://microhealth.com
Zeplin,https://zeplin.io
Markhor,http://markhor.com
Circle Medical,https://circlemedical.com
Chaldal,http://chaldal.com
Bodyport,http://bodyport.com
Thrive Agritech,http://www.thriveagritech.com
Tesorio,https://www.tesorio.com
SunFarmer,http://sunfarmer.org
Confident Cannabis,http://confidentcannabis.com
Branch8,http://branch8.com
GitLab,http://gitlab.com/
Lucira Health,https://www.lucirahealth.com/
Razorpay,https://razorpay.com
EquipmentShare,https://www.equipmentshare.com
GrubMarket,http://grubmarket.com
Mashgin,http://mashgin.com
NimbleRx,http://nimblerx.com
Tempo,https://tempo.fit/
Atomwise,http://atomwise.com
Mezmo,https://www.mezmo.com/
Platzi,https://platzi.com
Qventus,http://qventus.com
Notable Labs,http://notablelabs.com
Zeitview,https://www.zeitview.com/
Shasqi,https://
Spire Health,https://spirehealth.com/
Replika,https://replika.ai/
Tara AI,http://www.tara.ai
Flip,http://justflip.com
X-Zell,http://www.x-zell.com
Wink Health,http://winkhealth.com
Transcriptic,http://transcriptic.com
Zenflow,http://zenflow.com
Tab,https://www.tab.travel
Priime,https://priime.com
Pigeonly,http://pigeonly.com
Dabble,https://dabble.so
Meadow,https://getmeadow.com
Level Frames,http://levelframes.com
Industrial Microbes,http://imicrobes.com
Giveffect,http://giveffect.com
eBrandvalue,https://www.ebrandvalue.com/
Quantierra,http://quantierra.com
Dealyze,http://dealyze.com
Cleanly,https://cleanly.com
Resolve,https://www.resolvebim.com
Mobydish,https://www.mobydish.com
Makrwatch,https://www.makrwatch.com
TeamNote,http://teamnoteapp.com
SIRUM,http://sirum.org
Ginkgo Bioworks,http://ginkgobioworks.com
Rigetti Computing,http://rigetti.com
Checkr,http://www.checkr.com
Helion Energy,http://helionenergy.com
ShipBob,http://shipbob.com
Front,https://front.com
PicnicHealth,https://picnichealth.com
Hiro Systems,https://hiro.so
Permutive,https://permutive.com
Cognito,https://cognitohq.com
Apto Payments,https://www.aptopayments.com/
Bayes Impact,http://bayesimpact.org
Oklo,http://oklo.com
Roomstorm,http://roomstorm.com
Hive,http://www.hive.co
Think Gaming,http://thinkgaming.com
Tenjin,https://www.tenjin.com
SpotAngels,http://www.spotangels.com
UserGems,https://www.usergems.com
SFOX,http://sfox.com
Alchemy,http://www.alchemynano.com
MTailor,http://mtailor.com
MetricWire,http://metricwire.com
Protocol Labs,https://protocol.ai/
Greentoe,http://greentoe.com
Hyperpad,http://www.hyperpad.com
Flytenow,http://flytenow.com
Flaviar,https://flaviar.com
Billforward,https://www.billforward.io/
Backpack,http://backpackbang.com
Aptible,https://www.aptible.com
Unwind Me,http://unwind.me
Sliced Investing,https://
Ravti,http://ravti.com
One Codex,https://www.onecodex.com
Women.com,http://women.com
Tule,http://tuletechnologies.com
Payable,http://payable.com
Product Hunt,http://producthunt.com
Replenish,http://www.getreplenish.com
Weave,http://getweave.com
Cruise,http://getcruise.com
Flexport,https://www.flexport.com/careers/jobs/
Algolia,http://www.algolia.com
Snapdocs,http://snapdocs.com
Bellabeat,http://bellabeat.com
Guesty,http://www.guesty.com
Clear,https://clear.in/
Cambly,http://www.cambly.com
Unbabel,http://unbabel.com
Axoni,https://axoni.com
Immunity Project,http://immunityproject.org
Dyspatch,https://www.dyspatch.io
OpenCurriculum,https://opencurriculum.org
MixerBox,http://mixerbox.com
GBatteries,https://www.gbatteries.com
Zinc,http://zinc.com
Zidisha,https://www.zidisha.org
TrueVault,https://www.truevault.com
Shoobs,http://shoobs.com
Pushbullet,https://www.pushbullet.com
Povio,http://povio.com
PiinPoint,https://piinpoint.com
Theorem,http://theoremlp.com
One Degree,http://1degree.org
MBX,http://us.memebox.com
Emailio,http://emailio.com
DevCycle,http://devcycle.com
CodeNow,http://codenow.org
CodeCombat,https://codecombat.com
Noora Health,http://noorahealth.org
AptDeco,https://www.aptdeco.com/
CareMessage,http://caremessage.org
Ambition,https://ambition.com
AirHelp,http://airhelp.com
42,https://42technologies.com
Vidpresso,http://facebook.com/live/producer
Framed Data,http://www.framed.io
Avametric,http://www.Avametric.com
Gobble,http://gobble.com
DoorDash,http://doordash.com
Webflow,https://webflow.com
EasyPost,http://easypost.com
Panorama Education,https://www.panoramaed.com/
Lob,http://lob.com
CoreOS,http://coreos.com
True Link,https://www.truelinkfinancial.com/
Reebee,http://reebee.com
One Month,http://onemonth.com
Cratejoy,http://cratejoy.com
"Estimote, Inc.",http://estimote.com
Asseta,http://www.asseta.com
7cups,http://7cups.com
Echo Locker,http://echolocker.com
Weilos,http://weilos.com
Datarank,http://www.datarank.com
Lumoid,http://lumoid.com
StatusPage,http://statuspage.io
Bop.fm,http://bop.fm
Arcus,http://arcusfi.com
RealCrowd,http://realcrowd.com
Senic,http://senic.com
Layer By Layer,http://layerbylayer.com
Casetext,http://casetext.com
SpoonRocket,http://spoonrocket.com
SimpleLegal,http://simplelegal.com
Hackermeter,http://hackermeter.com
BloomThat,http://bloomthat.com
Standard Treasury,http://standardtreasury.com
Apptimize,http://apptimize.com
URX,http://urx.com
Ixiplay,http://
WebCake,http://designly.com
Kivo,http://kivo.com
SoundFocus,http://soundfocus.com
Butter Systems,http://buttersystems.com
Audobox,http://audobox.com
Amulyte,http://amulyte.com
Watchsend,http://watchsend.com
Meta,http://www.metavision.com/
Fivetran,http://fivetran.com
Heap,https://heap.io/
Goldbelly,https://www.goldbelly.com/
InfluxData,https://influxdata.com
North,https://www.bynorth.com
Wefunder,http://wefunder.com
Watsi,https://watsi.org
Wevorce,http://wevorce.com
CrowdMed,http://www.crowdmed.com
SimplyInsured,http://simplyinsured.com
Experiment,http://experiment.com
RADAR,https://goradar.com
Lollipuff,http://lollipuff.com
Strikingly,https://www.strikingly.com
Etleap,https://etleap.com
Cheetah,http://gocheetah.com
Lawdingo,http://lawdingo.com
Padlet,https://padlet.com
BuildZoom,https://www.buildzoom.com
Scuba,https://www.scuba.io
CircuitLab,https://www.circuitlab.com/
Teespring,http://teespring.com
Semantics3,http://www.semantics3.com
Zenefits,http://zenefits.com
Kalibrr,https://www.kalibrr.com
Coin,http://onlycoin.com
MedXT,http://medxt.com
Meldium,http://meldium.com
Bitnami,https://bitnami.com
GrepData,http://grepdata.com
VaycayHero,https://www.vaycayhero.com/
Screenhero,http://screenhero.com
Prophecy Sciences,http://prophecysciences.com
Posmetrics,http://posmetrics.com
Airware,http://airware.com
Logiblock,http://logiblock.com
FlightCar,http://flightcar.com
Swapbox,http://swapbox.com
BeatDeck,http://beatdeck.com
RoverRide,http://ride.roversf.com
Medisas,http://medisas.com
Trainzen,http://terascore.com
PayTango,http://paytango.com
Swish,http://swish.com
Appcubator,http://appcubator.com
StyleUp,http://thestyleup.com
Instacart,https://www.instacart.com
Coinbase,https://www.coinbase.com
Benchling,http://benchling.com
Zapier,http://zapier.com
SmartAsset,http://smartasset.com
Lever,https://www.lever.co/
Clever,https://clever.com
Mattermost,http://mattermost.com
Submittable,https://www.submittable.com/
9gag,http://9gag.com
Svbtle,https://svbtle.com
Plivo,https://plivo.com
Double Robotics,https://doublerobotics.com
Vastrm,http://vastrm.com
Flightfox,http://flightfox.com
BackerKit,http://backerkit.com
NewsBlur,https://www.newsblur.com
OctaveWealth,https://octavewealth.com
Upwave,http://www.upwave.com
Eligible,https://eligible.com
FundersClub,https://fundersclub.com/
Zentail,https://zentail.com
HealthSherpa,https://healthsherpa.com
Human Dx,http://humandx.org
Mth Sense,http://www.mthsense.com/
Rainforest,https://www.rainforestqa.com
Study Edge,http://studyedge.com
Virool,http://virool.com
VoiceGem,http://voicegem.com
Mattermark,http://mattermark.com
Natero,http://natero.com
BufferBox,http://bufferbox.com
Easel,http://easel.io
Vayable,http://vayable.com
Soylent,http://soylent.com
Streem,https://streem.com
OmniVirt,https://www.omnivirt.com
Fullstack Academy,http://fullstackacademy.com
Statwing,http://statwing.com
Kamcord,http://kamcord.com
Amplitude,https://amplitude.com
MatterPort,http://matterport.com
Gusto,https://gusto.com
Wave,https://wave.com
PlanGrid,http://plangrid.com
Rescale,https://rescale.com
Sendwave,https://www.sendwave.com
Ridecell,https://www.ridecell.com
Medmonk,http://medmonk.com
Per Vices,https://www.pervices.com
CircuitHub,https://circuithub.com
Screenleap,https://screenleap.com
CleverDeck,http://cleverdeck.com
Shoptiques,http://shoptiques.com
Medigram,http://medigram.com
HireArt,http://hireart.com
The Muse,http://themuse.com
42Floors,http://42floors.com
Shopular,http://shopular.com
Socialcam,http://www.socialcam.com
iCracked,http://icracked.com
Priceonomics,http://priceonomics.com
YourMechanic,http://yourmechanic.com
Loom,http://loom.com
Fond,http://fond.co
Flutter,http://flutterapp.com
Authy,http://authy.com
FarmLogs,http://farmlogs.com
Swiftype,http://swiftype.com
Tilt,http://tilt.com
Exec,http://iamexec.com/
Chute,http://getchute.com
FamilyLeaf,http://familyleaf.com
SlidePay,https://angel.co/slidepay
HackPad,http://hackpad.com
CoderWall,http://assemblymade.com
Amiato,http://noudata.com
MyVR,http://myvr.com
Midnox,http://midnox.com
SendHub,http://sendhub.com
Segment,http://segment.com
GoCardless,http://gocardless.com
Sift,https://sift.com/
Apollo,http://apollographql.com/
Codecademy,http://codecademy.com
HackerRank,http://hackerrank.com
OneSignal,https://onesignal.com
Science Exchange,https://www.scienceexchange.com/
Clerky,https://www.clerky.com
AgileMD,https://agilemd.com
Quartzy,https://www.quartzy.com
Streak,http://streak.com
Vidyard,http://vidyard.com
imgix,https://www.imgix.com
Videopixie,http://videopixie.com
MixRank,https://mixrank.com
LeadGenius,http://leadgenius.com
Pagelever,http://pagelever.com
Firebase,http://firebase.com
Realm,http://realm.io
Citus Data,http://citusdata.com
Cryptoseal,http://cryptoseal.com
Debteye,http://debteye.com
Aisle50,http://aisle50.com
Genius,https://genius.com
Stypi,https://stypi.com
Clutch,http://clutch.io
Freshplum,http://freshplum.com
Hungry Labs,http://hungrylabs.com
Automatic,http://automatic.com
Parse,http://parse.com
Perfect Audience,http://perfectaudience.com
TapEngage,http://tapengage.com
GlassMap,http://ansibletechnologies.com
Compose,http://mongohq.com
Launchpad Toys,http://launchpadtoys.com
Caviar,http://trycaviar.com
Embark,https://letsembark.com
Verbling,http://verbling.com
Fobo,http://fobo.net
GOAT Group,https://www.goatgroup.com/
SingleStore,https://www.singlestore.com
Fivestars,http://fivestars.com
HelloSign,https://www.hellosign.com
DrChrono,https://www.drchrono.com
Zerocater,http://zerocater.com
Storyworth,https://www.storyworth.com
Mino Games,http://minomonsters.com
Close,https://close.com
Tremendous,https://www.tremendous.com
You Got Listings,http://www.yougotlistings.com
Instapainting,http://instapainting.com
Acunote,http://acunote.com
Tumult,https://tumult.com
Talkable,http://talkable.com
TalkBin,http://talkbin.com
OrderAhead,https://www.crunchbase.com/organization/orderahead
Lanyrd,http://lanyrd.com
Mailgun,http://mailgun.net
Apportable,http://apportable.com
Pebble,http://getpebble.com
Humble Bundle,https://humble.com
Comprehend,http://comprehend.com
Custora,http://custora.com
Hotspots,http://moki.tv
Sendoid,http://sendoid.com
Earbits,http://earbits.com
Upverter,http://upverter.com
SimplyListed,http://simplylisted.com
Venuetastic,http://venuetastic.com
Siasto,http://siasto.com
TrustEgg,http://fidoosh.com
Tutorspree,http://tutorspree.com
Balanced,http://balancedpayments.com
Flotype,https://flotype.com
Convore,http://convore.com
Insight Data Science,http://insightdatascience.com
Hyperink,http://hyperinkpress.com
AppHarbor,https://appharbor.com
FitFu,http://fitfu.com
PagerDuty,http://pagerduty.com
Presto,http://presto.com
Docker,http://docker.com
FutureAdvisor,http://futureadvisor.com
WorkFlowy,http://workflowy.com
inDinero,http://indinero.com
AnyList,https://www.anylist.com
DemandSphere,https://www.demandsphere.com/
Recurse Center,https://www.recurse.com
AdGrok,http://adgrok.com
Whereoscope,http://whereoscope.com
Tapzilla,http://tapzilla.com
Fridge,http://frid.ge
Fanvibe,http://fanvibe.com
Leftronic,http://leftronic.com
GazeHawk,http://gazehawk.com
1000Memories,http://ancestry.com
Homejoy,http://homejoy.com
PadMapper,http://padmapper.com
AeroFS,http://aerofs.com
Simperium,http://simperium.com
Rapportive,http://rapportive.com
Hipmunk,http://hipmunk.com
Chartio,https://chartio.com
Koduco,http://koduco.com
Pribbit,http://pribbit.com
MessageParty,http://messageparty.com
Ready For Zero,http://readyforzero.com
Post.fm,http://post.fm
Opzi,http://opzi.com
Upbeat,https://www.upbeatpr.com/
Gantto,http://gantto.com
Brushes,http://brushesapp.com
Habit Labs,http://habitlabs.com
Chirply,http://chirply.com
Teevox,https://teevox.com
Optimizely,http://optimizely.com
OwnLocal,http://ownlocal.com
Etacts,http://etacts.com
Movity,http://movity.com
Cardpool,http://cardpool.com
Cue,http://cueup.com
Zencoder,http://zencoder.com
Nowmov,http://nowmov.com
Creative Market,https://creativemarket.com
Embedly,http://embed.ly
Bitplay,http://meetings.io
Crocodoc,https://crocodoc.com
All Screen,http://140fire.com
500Friends,http://500friends.com
Mertado,http://mertado.com
Notifo,http://notifo.com
Infoharmoni,http://infoharmoni.com
Newcope,http://newcope.com
Newslabs,http://newslabs.com
Data Marketplace,http://datamarketplace.com
Fithub,http://fithub.com
Gamador,http://gamador.com
Zenedy,http://zenedy.com
Answerly,http://answerly.com
LaunchHear,http://alexkrupp.com
Fabricly,http://fabricly.com
Stripe,http://stripe.com
Mixpanel,http://mixpanel.com
WePay,http://wepay.com
Lingt,https://www.lingt.com/
RentHop,http://renthop.com
SSovereign,https://ssovereign.com/
Olark,http://olark.com
Directed Edge,http://directededge.com
Listia,http://listia.com
Flightcaster,https://
GraffitiGeo,http://graffitigeo.com
Lockitron,http://lockitron.com
RethinkDB,http://rethinkdb.com
Bump,http://bumptechnologies.com
DailyBooth,http://dailybooth.com
Instantq,http://instantq.com
Wakemate,http://wakemate.com
Stackq,http://stackq.com
AdThrow,http://adthrow.com
RoboHR,http://robohr.com
NudgePad,http://azure.com
Plurchase,http://plurchase.com
Fanchatter,http://fanchatter.com
CarWoo,http://carwoo.com
Jobspice,http://jobspice.com
HighlightCam,http://highlightcam.com
Airbnb,http://airbnb.com
Volantio,http://www.volantio.com
Wattvision,http://www.wattvision.com
Cloudkick,http://cloudkick.com
Echodio,http://echodio.com
reMail,http://remail.com
Divvyshot,http://divvyshot.com
Heyzap,http://heyzap.com
PetaSales,http://
Voxli,http://voxli.com
Nambii,http://nambii.com
Picurio,http://picurio.com
Spaces Life,http://spaceslife.com
Foodoro,http://foodoro.com
Skysheet,http://skysheet.com
Recurious,http://thesixtyone.com
Poll Everywhere,https://www.polleverywhere.com
BackType,http://backtype.com
JustSpotted,http://justspotted.com
Cloudant,http://cloudant.com
Posterous,http://posterous.com
Slinkset,http://slinkset.com
Treehouse,http://gotreehouse.com
PlayReader,http://playreader.com
People & Pages,http://peopleandpages.com
Popcuts,http://popcuts.com
Snipd,http://snipd.com
Ticket Stumbler,http://ticketstumbler.com
Claimspotting,http://urbantakeover.at
Team Apart,http://teamapart.com
Youlicit,http://youlicit.com
Precognate,http://precognate.com
Picwing,http://picwing.com
CO2Stats,http://co2stats.com
Anyvite,http://anyvite.com
Frogmetrics,http://frogmetrics.com
Job Alchemist,http://jobalchemist.com
OhLife,http://ohlife.com
Machine Zone,https://www.mz.com
Heroku,http://heroku.com
Ninite,http://ninite.com
RescueTime,http://rescuetime.com
280 North,http://280north.com
Omnisio,http://omnisio.com
A Thinking Ape,http://athinkingape.com
BitSample,
Joberator,http://joberator.com
Insoshi,http://insoshi.com
Snaptalent,http://snaptalent.com
YumDots,http://yumdots.com
Deluux,http://deluux.com
Kirkland North,http://kirklandnorth.com
Tipjoy,http://tipjoy.com
Mixwit,http://cloud.tv
Socialbrowse,http://socialbrowse.com
Wundrbar,http://wundrbar.com
FathomDB,http://fathomdb.com
MightyQuiz,http://mightyquiz.com
Trigger,http://trigger.io
Dropbox,http://dropbox.com
Blue Frog Gaming,http://bluefroggaming.com
Anywhere.FM,http://anywhere.fm
Appjet,http://appjet.com
Clickpass,http://clickpass.com
ZumoDrive,http://zumodrive.com
Disqus,http://disqus.com
Songkick,http://songkick.com
Biographicon,http://biographicon.com
Eivod,http://eivod.com
Fuzzwich,http://fuzzwich.com
Meetyu,http://meetyu.com
Reble,http://reble.fm
SocialPicks,http://socialpicks.com
ContestMachine,http://contestmachine.com
Splashup,http://splashup.com
iJigg/Top440,http://ijigg.com
Hello Chair,http://hellochair.com
Bountii,http://bountii.com
Twitch,http://twitch.com
Weebly,http://weebly.com
Buxfer,https://www.buxfer.com
Virtualmin,http://virtualmin.com
Heysan,http://heysan.com
Auctomatic,http://auctomatic.com
Zenter,https://googleblog.blogspot.com/2007/06/more-sharing.html
Octopart,http://octopart.com
Socialmoth,http://socialmoth.com
View3,http://view3.com
Whitenoise,http://whitenoisenetworks.com
WriteWith,http://writewith.com
Tsumobi,http://tsumobi.com
Scribd,http://scribd.com
Omgpop,http://omgpop.com
Xobni,http://xobni.com
Jumpchat,http://jumpchat.com
Likebetter,http://likebetter.com
Zanbazaar,http://zanbazaar.com
Pollground,http://pollground.com
Shoutfit,http://shoutfit.com
Talkito,http://talkito.com
Thinkature,http://thinkature.com
Jamglue,http://jamglue.com
Wufoo,http://wufoo.com
Project Wedding,http://projectwedding.com
Clustrix,http://clustrix.com
Inkling,http://inklingmarkets.com
Audiobeta,http://audiobeta.com
Flagr,http://flagr.com
Snipshot,https://snipshot.com
Reddit,http://reddit.com
Kiko,http://kiko.com
Clickfacts,http://clickfacts.com
TextPayMe,http://textpayme.com
Loopt,http://loopt.com
Infogami,http://infogami.com
Memamp,http://memamp.com
Simmery,http://simmery.com
